ref	path	mode	blob	raw_bytes	raw_sha256
59a9a568c445654f69215d735091c9b3e0405831	AGENTS.md	100644	02034a4243b571f325948463d55d715d25d2cf1e	6622	09ab5b8b0e9883617780bea3264a8390be2ba25ba7a45b695a739c1c204329c0
59a9a568c445654f69215d735091c9b3e0405831	README.md	100644	f6ad8dbc637ceb83a42d509322954367cb5bb01f	11223	1f961cc487a1ecf2538968812e6b597ac98603d8f9a864d2a9c7b97474642ddc
59a9a568c445654f69215d735091c9b3e0405831	docs/GUI_MIGRATION_HANDOFF.md	100644	f354048d22ef758644d831203a3cee92ae1e7286	3983	49dbccdec13d063326de5f55b0e023b7858d441e4e581d023f7cb7fc8fdae3fd
59a9a568c445654f69215d735091c9b3e0405831	docs/PROGRAM.md	100644	a00223b828b121cd1db31ff8a2602377b3b1bd62	158761	e3d1309dc410c770c12c90d227cea4d274b29e48c47d73169b951d840950c56d
59a9a568c445654f69215d735091c9b3e0405831	docs/STATUS.md	100644	6d767d06c73c4f80472135fbf5c4d89c4ecd7d87	13085	792ecc571f4c836de01f9e333871ae015fa58113a49143239583cdaa040caa51
59a9a568c445654f69215d735091c9b3e0405831	docs/adr/0000-template.md	100644	c080857998b4417b12cf0f08dd593ed23330e6ae	392	9902b91baf3e6c3a3c3ad5215dedf46189b6e550e1b89e65f956c8a700992626
59a9a568c445654f69215d735091c9b3e0405831	docs/adr/0020-bound-launch-runtime-and-first-load.md	100644	43437c7ffc500d7ff3622242487b203f4df06a52	4243	f399e6b38cacce4361f7ef2ce4a3d91abdddf9371a9a2bfc657588035e4bdd51
59a9a568c445654f69215d735091c9b3e0405831	docs/adr/0184-native-spa-toolchain-and-managed-output.md	100644	638963d1798f52349130d685a2a675bdef64c907	2802	f68c7bf0e60ef05f7f6f03b673a47bb5e0e97c12e81006737772c74e510af03f
59a9a568c445654f69215d735091c9b3e0405831	docs/adr/README.md	100644	40d83f4c6765a9ff751d05d43589717bcee638e5	12488	da0cbea3ae932aa5abbe267729ac3e83c56a5da30af78a544c0415c535a14e56
59a9a568c445654f69215d735091c9b3e0405831	docs/agent-testing.md	100644	105a08d550fad836ea50ad38046e292032a154b3	5745	2a710b8e82763749ba0c6fcb8f76cbd51da6dfa7f6d1d6a29d04da5b612d85b9
59a9a568c445654f69215d735091c9b3e0405831	docs/execplans/s1-cat.md	100644	89ea620ddf7ce6ba586674b4e1e5a09c0d382370	34513	dd1ebc1068a19e3018eaa6a61ef50cc109881df3604950b1b4842aa7a357f6cc
59a9a568c445654f69215d735091c9b3e0405831	frontend/README.md	100644	039ad261941ef73cd3f5525cd986c39859a37b4c	7263	ac265d8cd40f2fd185655bbad606ac894bbec6adea7d2f6ed8fd96e1fcace93e
