path	ref	mode	blob	bytes	sha256
AGENTS.md	59a9a568c445654f69215d735091c9b3e0405831	100644	02034a4243b571f325948463d55d715d25d2cf1e	6622	09ab5b8b0e9883617780bea3264a8390be2ba25ba7a45b695a739c1c204329c0
docs/STATUS.md	59a9a568c445654f69215d735091c9b3e0405831	100644	6d767d06c73c4f80472135fbf5c4d89c4ecd7d87	13085	792ecc571f4c836de01f9e333871ae015fa58113a49143239583cdaa040caa51
README.md	59a9a568c445654f69215d735091c9b3e0405831	100644	f6ad8dbc637ceb83a42d509322954367cb5bb01f	11223	1f961cc487a1ecf2538968812e6b597ac98603d8f9a864d2a9c7b97474642ddc
scripts/qualify_go_toolchain.sh	59a9a568c445654f69215d735091c9b3e0405831	100755	48032f620f260148362d37a409353181b0ccd481	4065	c7e65ad67627e5060a154f3aef6091e46057562456a6d704d7d1e7a85d90ab11
docs/adr/0184-native-spa-toolchain-and-managed-output.md	59a9a568c445654f69215d735091c9b3e0405831	100644	638963d1798f52349130d685a2a675bdef64c907	2802	f68c7bf0e60ef05f7f6f03b673a47bb5e0e97c12e81006737772c74e510af03f
docs/adr/0168-qualify-complete-native-toolchain.md	59a9a568c445654f69215d735091c9b3e0405831	100644	e13218579f685b0b3af4b3f486a0eb38a38bba82	3923	e7c2b97bfdd30b3f5dab54feb7f151799eb94ee55553d9e0598bf9d11a56c145
docs/NATIVE_TOOLCHAIN.md	59a9a568c445654f69215d735091c9b3e0405831	100644	144aa318dd3648592a4fdd9c3695be22c76fee3d	6470	fd39105146e7c7a04449f230a763bb54da75b09094d0a021f548c4605cba70b3
docs/agent-testing.md	59a9a568c445654f69215d735091c9b3e0405831	100644	105a08d550fad836ea50ad38046e292032a154b3	5745	2a710b8e82763749ba0c6fcb8f76cbd51da6dfa7f6d1d6a29d04da5b612d85b9
frontend/package.json	59a9a568c445654f69215d735091c9b3e0405831	100644	808a611d368ea6152738bc023be530afcafad774	1391	43134fe8197aff7aa3ebd816b2e413591d5479de463d3e73f7ce5bf85e8b1b1a
frontend/.npmrc	59a9a568c445654f69215d735091c9b3e0405831	100644	145d3fa25b8c8cdd495ab40849109408792fee0d	35	cde76ca04e048c3eba070a2c0dfcf5b723cf6014eab177157096b924f24ec4ca
frontend/.nvmrc	59a9a568c445654f69215d735091c9b3e0405831	100644	8a94b991271a7ecdee0e28e418eef0b92b472a33	8	10e4e07fe7b63d3da1d899ea0f9a7a3d78c116051fae44b9f245a53d6f665a41
versions.lock.json	59a9a568c445654f69215d735091c9b3e0405831	100644	03e0b1d30c65476d9278088c17a88d16b5be3863	39150	79438d217362f1637ab81950ba3b79cb2f67629c0e2a9622b15d3bcd0b39274b
Makefile	59a9a568c445654f69215d735091c9b3e0405831	100644	b301819f7f887bf6bbc664c021acb0dbfd3c226d	967	3237b8e83678be993a6427578ff2456245deb77eee4804611a0e3828f299650b
Taskfile.repo.yml	59a9a568c445654f69215d735091c9b3e0405831	100644	ddc92dc890ec486dc9847cb94a69554146a4a61a	1606	e58cd73433bcc412f97d77bdf321d6d053802ee1871d4df6656a8032966637de
Taskfile.yml	59a9a568c445654f69215d735091c9b3e0405831	100644	f812837485a2d2f361ed3ac4023afb3043158afd	63226	3bb2b8c8ff44052d04ec255d5e94677469678a5fa3f7e0145278111eb05bdd1f
scripts/gate.sh	59a9a568c445654f69215d735091c9b3e0405831	100755	25885f5e645d68535508e65a51ae55a202b44ffe	59633	8ebc47f3782ab6b5e0239daa61f922ec6f02821a6157720d2313dd71df65afeb
scripts/gui-repo-hook.mjs	59a9a568c445654f69215d735091c9b3e0405831	100644	51245d53e8352d04441d8d54e86c013a676462c1	16547	50ae2ca9e8e244560014752bd2fbc75e5c953e988e748cb71934dec40660509e
frontend/scripts/compiler-runtime.mjs	59a9a568c445654f69215d735091c9b3e0405831	100644	e37b8b28098e81036351b7f1a8551080a814bb8d	3430	16a7c8213c5835541c73906e02761e05f9378e067fd6f0f41a3a2fdfbf620d12
