path	actual_git_mode	actual_blob	raw_bytes	raw_sha256	result
frontend/src/components/CategoryPicker.tsx	100644	dc86a6aacbaff930c080a978e95665e4e40fd74e	3583	2263f1d460d706bd4172b67e79b69498cc9876c401c9ac9fa9825cdbe1599ce0	exact-Git-object/raw-byte/mode
frontend/src/components/DifficultyPicker.tsx	100644	6655d6928c8428d91af9838080daccb9dcec465d	1439	79958758de09abb05157aff554ac565ab07e8622da4eb1f44f7e65649f66e296	exact-Git-object/raw-byte/mode
frontend/src/components/GameIntro.tsx	100644	f857b7818ddc4d7eff2f1d7b236085754a535b3d	5201	75176b7a58a3621a1441b8e3739679ad427f5583d231e324666953b46db15e00	exact-Git-object/raw-byte/mode
frontend/src/components/GameShell.tsx	100644	66802cb0d6859482a71e285f2b930465f3a039d9	2964	e6451982a26f445bde1f0bbc9fa530424ec4d6065b3f13fed176545b6f8915ee	exact-Git-object/raw-byte/mode
frontend/src/components/Hud.tsx	100644	3fe9556eb6c79d16ea5271468ce1f244b8057a51	1015	7b5f29a2c198c0b43698e170e29439096850e01d1e924d5a52ce27c941becb5b	exact-Git-object/raw-byte/mode
frontend/src/components/PlayGuide.tsx	100644	93b9cc408195de013009fd08659912211085fff5	1810	f2cc9b0c5ded38c389178e10a8cd5059e5f6061822e8a6f0a3a1b5b2737bc035	exact-Git-object/raw-byte/mode
frontend/src/components/ResultCard.tsx	100644	5a1a73e8cb5979a6ea46623e7a7006c4595a0036	5733	51c31ded5491a5fde750dc3a0e1372a9d0f54186d67894a4f342e2512b37a5b7	exact-Git-object/raw-byte/mode
frontend/src/components/StartFailureNotice.tsx	100644	84d897cb97d4d272ac3d169d035cdb44015265fb	1035	4513533c61a95b3fbeaab67baeb5f43d94752d93e4474c92a42d996ee5f6b5f4	exact-Git-object/raw-byte/mode
frontend/src/screens/Alchimie.tsx	100644	fcc4393ef3f61adefd354524311617ee97ab28e5	50893	d5f299fc3189e887147779c19d39218dc9bd60b717d3f598cdfbbb62760fa53b	exact-Git-object/raw-byte/mode
frontend/src/screens/CaldRece.tsx	100644	53fb949167e389112e05bf0d6266e120e90fb458	42114	8ef9c3646c8a1524765cdf91317b565791ffe411e7020eceafb4d8fbe9ef4d05	exact-Git-object/raw-byte/mode
frontend/src/screens/Conexiuni.tsx	100644	0447371ede9944c2c1a67524a2f649a63de7b96a	35697	23f9983c450a9ccf9624bc3ec158e7fb62ab11c9e0a85a8831c625f5a1c1c6db	exact-Git-object/raw-byte/mode
frontend/src/screens/Intrusul.tsx	100644	00ec8f16c141ecffa6f395a29c98af2c61638fbf	22323	d19cbc44f65fb180de239235b87ca6cc5476e898626166b4800ffd0dd42e2cfd	exact-Git-object/raw-byte/mode
frontend/src/screens/Lant.tsx	100644	a76ef3a27fcdee62474007816ce4fce4a8114cb9	37336	aca827a02a40fedfc82425cb7979773964d799de574d9acd4ff719b09f04b4aa	exact-Git-object/raw-byte/mode
frontend/src/screens/Perechi.tsx	100644	96aeced8a2cbcce74d3f749968a8334dc37342e1	28222	38d253ff1be955056c1e224f489a4136e0be0b74872e20e455915bf58fc02190	exact-Git-object/raw-byte/mode
frontend/src/screens/Ranking.tsx	100644	873d9665ad403f6785c91bfacc6d669c884da24f	5658	37508c87ff4ac50506241254e0f09739b8d61282b24bbc7778f3cbe07ca7962f	exact-Git-object/raw-byte/mode
scripts/gui-gen-request.json	100644	9ba802c025a06c3d50b5ae6aa05fe2716fe447cb	115	a41f8e11c123c496f5a0aec3a8d6c359e4e4adca2805441a1af488bbac27a9dd	exact-Git-object/raw-byte/mode
frontend/tests/conexiuni-one-away.test.mjs	100644	08a45d6570e66962cbbcb74b8b371550314185f2	6660	a195f8d568ce4bc6126cfb215e19322efc769d5d63e3495784de2406c510cf85	exact-Git-object/raw-byte/mode
go-backend/internal/httpapi/managed_nonce.go	ABSENT	ABSENT	UNACQUIRED	UNACQUIRED	exact-baseline-absence
go-backend/internal/httpapi/managed_nonce_test.go	ABSENT	ABSENT	UNACQUIRED	UNACQUIRED	exact-baseline-absence
go-backend/internal/httpapi/managed_spa.go	100644	c5b72dcd02881b95498ed5d66b4176c43f9d7c2b	4427	c19f7ff48a095c950051ca1d600d04a6e14da869381bf9bbd6f7891112421c56	exact-Git-object/raw-byte/mode
go-backend/internal/httpapi/managed_spa_test.go	100644	689736e0b974913c38cccd12fc478351a4cba32d	11386	34b27cec4bcc1c600c44e04d2a067c4a6736bc3bc8c1ed1af306967b5fedbc2f	exact-Git-object/raw-byte/mode
scripts/gui-full-browser.mjs	100644	09990a64628b2cb1438ae271ee21ef52620d45da	21324	962d04e1da38ad64c2efc83dc5a4d576db474e6932faa0494f70a2c17e5a7eb0	exact-Git-object/raw-byte/mode
.gitignore	100644	c631e928ab4da619b4bf0aa2a9f5d1801883ddbf	853	6675ce902cea3768051dbcb2a2fd88c6def4f3bec7a833a942cf7a5979a0a5f9	exact-Git-object/raw-byte/mode
Dockerfile.gui	ABSENT	ABSENT	UNACQUIRED	UNACQUIRED	exact-baseline-absence
Dockerfile.gui.dockerignore	ABSENT	ABSENT	UNACQUIRED	UNACQUIRED	exact-baseline-absence
go-backend/cmd/cat-gui-build/main.go	ABSENT	ABSENT	UNACQUIRED	UNACQUIRED	exact-baseline-absence
go-backend/cmd/cat-server/gui_health_test.go	ABSENT	ABSENT	UNACQUIRED	UNACQUIRED	exact-baseline-absence
go-backend/cmd/cat-server/gui_health.go	ABSENT	ABSENT	UNACQUIRED	UNACQUIRED	exact-baseline-absence
go-backend/cmd/cat-server/main.go	100644	93d8f147444926a72731a5344ef962b24f1ed3b0	3915	ff609dcfff976d678b00d97c3fbd11398110cd63f6c79697452883204e0e70c4	exact-Git-object/raw-byte/mode
go-backend/embedfs/assets.go	100644	abacc2a5959d442bda128bc3e9c1355476a48616	320	84c7518b0ff65e76b8a7379350fb4cc0187459e6e38dde983316421c6d06a827	exact-Git-object/raw-byte/mode
go-backend/embedfs/build/dist/.keep	ABSENT	ABSENT	UNACQUIRED	UNACQUIRED	exact-baseline-absence
go-backend/internal/guibuild/generate_test.go	ABSENT	ABSENT	UNACQUIRED	UNACQUIRED	exact-baseline-absence
go-backend/internal/guibuild/generate.go	ABSENT	ABSENT	UNACQUIRED	UNACQUIRED	exact-baseline-absence
go-backend/internal/guibuild/identity_test.go	ABSENT	ABSENT	UNACQUIRED	UNACQUIRED	exact-baseline-absence
go-backend/internal/guibuild/identity.go	ABSENT	ABSENT	UNACQUIRED	UNACQUIRED	exact-baseline-absence
go-backend/internal/httpapi/gui_build_test.go	ABSENT	ABSENT	UNACQUIRED	UNACQUIRED	exact-baseline-absence
go-backend/internal/httpapi/gui_build.go	ABSENT	ABSENT	UNACQUIRED	UNACQUIRED	exact-baseline-absence
go-backend/internal/httpapi/server.go	100644	6e0a650fd8fb5fd4106ec50a60232b037b657714	14529	ae736b26a9f98667a9c623f985cdc7700ed01dd537cb1b5b74d893e713367913	exact-Git-object/raw-byte/mode
