path	condition	after_bytes	after_sha256	selected_source	before_result
frontend/src/components/CategoryPicker.tsx	packet-exact;Git-check-pending	3655	3d9d50768ecce3aff65518b8a5e4f4d6d90ebb8a58fb55e4bbfd5783e8df7680	cat-style-application-candidate/selected-afterimages/frontend/src/components/CategoryPicker.tsx	packet-exact;Git-check-pending
frontend/src/components/DifficultyPicker.tsx	packet-exact;Git-check-pending	1489	1482cf0973a3a8b34ffcf3b186bdeac07e4117fd7aef7781de49c1d3f052d025	cat-style-application-candidate/selected-afterimages/frontend/src/components/DifficultyPicker.tsx	packet-exact;Git-check-pending
frontend/src/components/GameIntro.tsx	packet-exact;Git-check-pending	5301	ab9806086a2b77dcad7b98669256433fefb08dd6014c0c91aa9e3891327b4922	cat-style-application-candidate/selected-afterimages/frontend/src/components/GameIntro.tsx	packet-exact;Git-check-pending
frontend/src/components/GameShell.tsx	packet-exact;Git-check-pending	3024	6e51a554277864df857a72ab2f67cad6c1c4bc6bb2154a73ce3f79424187aec3	cat-style-application-candidate/selected-afterimages/frontend/src/components/GameShell.tsx	packet-exact;Git-check-pending
frontend/src/components/Hud.tsx	packet-exact;Git-check-pending	1059	88178e97b269e2625fc69bc24a7105470a3d95315cd5d7bd3f3df29fef6436e6	cat-style-application-candidate/selected-afterimages/frontend/src/components/Hud.tsx	packet-exact;Git-check-pending
frontend/src/components/PlayGuide.tsx	packet-exact;Git-check-pending	1818	f035437469704810606f0459189299095406807e6c9f930808b641b2956d61f4	cat-style-application-candidate/selected-afterimages/frontend/src/components/PlayGuide.tsx	packet-exact;Git-check-pending
frontend/src/components/ResultCard.tsx	packet-exact;Git-check-pending	5878	065395d27938571d199787d655edb439faf5e0729c791b8fd70ab409c2e18d6d	cat-style-application-candidate/selected-afterimages/frontend/src/components/ResultCard.tsx	packet-exact;Git-check-pending
frontend/src/components/StartFailureNotice.tsx	packet-exact;Git-check-pending	1083	0a72f2edf4dd2fd85729f05d48f582d55de323ebfe377349a3cb54b633a2b178	cat-style-application-candidate/selected-afterimages/frontend/src/components/StartFailureNotice.tsx	packet-exact;Git-check-pending
frontend/src/screens/Alchimie.tsx	packet-exact;Git-check-pending	51173	4a5f51184b8029ce6f93ad0c72371580a0dd8ca45f34b32185ea65ef974784de	cat-style-application-candidate/selected-afterimages/frontend/src/screens/Alchimie.tsx	packet-exact;Git-check-pending
frontend/src/screens/CaldRece.tsx	packet-exact;Git-check-pending	42523	0ddd27cf7d282b9333117a1bb4adec2f62839aa06495701b84a3c064c55cf3d6	cat-style-application-candidate/selected-afterimages/frontend/src/screens/CaldRece.tsx	packet-exact;Git-check-pending
frontend/src/screens/Conexiuni.tsx	packet-exact;Git-check-pending	35962	61be44a5b829775ff4f9063d833f1c8e9f89ee7a8aa7f3b019b2082498e37d9a	cat-style-application-candidate/selected-afterimages/frontend/src/screens/Conexiuni.tsx	packet-exact;Git-check-pending
frontend/src/screens/Intrusul.tsx	packet-exact;Git-check-pending	22427	b35fd1ac18802e424ec27c8065f8d6d876ecc34940d235f46d0115c9dfc27866	cat-style-application-candidate/selected-afterimages/frontend/src/screens/Intrusul.tsx	packet-exact;Git-check-pending
frontend/src/screens/Lant.tsx	packet-exact;Git-check-pending	37669	4c5a81b70248922eb55da7c762af93454bc542033ae0245222127993ec334b71	cat-style-application-candidate/selected-afterimages/frontend/src/screens/Lant.tsx	packet-exact;Git-check-pending
frontend/src/screens/Perechi.tsx	packet-exact;Git-check-pending	28332	b7421ea0787be2a1ef05d7991933d8b9e9d9089911c57b9a5c1c3aa3901c1304	cat-style-application-candidate/selected-afterimages/frontend/src/screens/Perechi.tsx	packet-exact;Git-check-pending
frontend/src/screens/Ranking.tsx	packet-exact;Git-check-pending	5824	712544cd92f781a896f3eb9572a628176bb39f5bfd7e9839eeb549238bb4c504	cat-style-application-candidate/selected-afterimages/frontend/src/screens/Ranking.tsx	packet-exact;Git-check-pending
scripts/gui-gen-request.json	packet-exact;Git-check-pending	116	0b35f1efe4b00d91d0ad5a2db3c2b23c24e6a73213b9dfdc2815cc69f4f7dbbf	cat-style-application-candidate/request-selection/after/scripts/gui-gen-request.json	packet-exact;Git-check-pending
frontend/tests/conexiuni-one-away.test.mjs	packet-exact;Git-check-pending	6946	b5d9f0b4d770c7010f9fd814ae7c5c3ccbf6911858b0f0969f3464910b45df65	cat-selection-contract-candidate/after/frontend/tests/conexiuni-one-away.test.mjs	packet-exact;Git-check-pending
go-backend/internal/httpapi/managed_nonce.go	declared-new/packet-absent	10288	be57e1b837942d18fdc8b06c1a324e138c44ba8d3e5fd42dcfdf0c92d0c71f41	cat-m1-source-proposal-v2/after/go-backend/internal/httpapi/managed_nonce.go	declared-new/packet-absent
go-backend/internal/httpapi/managed_nonce_test.go	declared-new/packet-absent	15334	6fa2cf94b22406a34ce31d90e3fcdc7112e66f082e961662de57ba95700bb07b	cat-m1-source-proposal-v2/after/go-backend/internal/httpapi/managed_nonce_test.go	declared-new/packet-absent
go-backend/internal/httpapi/managed_spa.go	packet-exact;Git-check-pending	4931	fb5a36f06affffd96a8444daa1c5fd1b0a24a88073f21e262921584ba5a26ee0	cat-m1-source-proposal/after/go-backend/internal/httpapi/managed_spa.go	packet-exact;Git-check-pending
go-backend/internal/httpapi/managed_spa_test.go	packet-exact;Git-check-pending	11851	884fd9930876659380198ed0f2ce67fc852751c310c8fd9d369854918eac062b	cat-m1-source-proposal/after/go-backend/internal/httpapi/managed_spa_test.go	packet-exact;Git-check-pending
scripts/gui-full-browser.mjs	packet-exact;Git-check-pending	22879	315079f5a9bfe2ac00bf0a0acb6fd34be5031d1510a1a62877d952c888d2048f	cat-m1-source-proposal/after/scripts/gui-full-browser.mjs	packet-exact;Git-check-pending
.gitignore	packet-exact;Git-check-pending	1092	4e075043ceffaffa989f532b5410d73a99846932d1ff93b8d6607f19d9108af2	cat-build-identity-candidate/after/.gitignore	packet-exact;Git-check-pending
Dockerfile.gui	declared-new/packet-absent	2455	42fff3560ec64e0edd16195de1d16d4a5b320eddcee508095754144fd9b746f3	cat-build-identity-candidate-v2/after/Dockerfile.gui	declared-new/packet-absent
Dockerfile.gui.dockerignore	declared-new/packet-absent	1007	a6275ac33853b93926f83172d4763a7562de895eb6b459b806a728be5297a787	cat-build-identity-candidate/after/Dockerfile.gui.dockerignore	declared-new/packet-absent
go-backend/cmd/cat-gui-build/main.go	declared-new/packet-absent	740	cd46dad0d1d158b0d205256fcc7c70f6d0398f85356bee83dcedb5123c68a611	cat-build-identity-candidate/after/go-backend/cmd/cat-gui-build/main.go	declared-new/packet-absent
go-backend/cmd/cat-server/gui_health_test.go	declared-new/packet-absent	507	9a4c4a37bb693aa7763793864b8d3f994af571b555b422e7b5880500c0217e55	cat-build-identity-candidate/after/go-backend/cmd/cat-server/gui_health_test.go	declared-new/packet-absent
go-backend/cmd/cat-server/gui_health.go	declared-new/packet-absent	417	ff28aa10ec7b24f9d2f31e6d44ff3f354205e8783f621ddd72f8178735cd5396	cat-build-identity-candidate/after/go-backend/cmd/cat-server/gui_health.go	declared-new/packet-absent
go-backend/cmd/cat-server/main.go	packet-exact;Git-check-pending	4063	57651af00afdf57c08908d3286ec7fd334967e9e5213166a8ee6c59900d0f672	cat-build-identity-candidate/after/go-backend/cmd/cat-server/main.go	packet-exact;Git-check-pending
go-backend/embedfs/assets.go	packet-exact;Git-check-pending	530	1e7d626d284741cc9208636fb65c0af9ec78a698b5fb7ac45a8c28a166e1f0eb	cat-build-identity-candidate/after/go-backend/embedfs/assets.go	packet-exact;Git-check-pending
go-backend/embedfs/build/dist/.keep	declared-new/packet-absent	0	e3b0c44298fc1c149afbf4c8996fb92427ae41e4649b934ca495991b7852b855	cat-build-identity-candidate/after/go-backend/embedfs/build/dist/.keep	declared-new/packet-absent
go-backend/internal/guibuild/generate_test.go	declared-new/packet-absent	9177	7f811958f5f961cafe6d884ab9231fff189dfbeec9df2fb2b52cbb4e841a8857	cat-build-identity-candidate/after/go-backend/internal/guibuild/generate_test.go	declared-new/packet-absent
go-backend/internal/guibuild/generate.go	declared-new/packet-absent	3359	768edcf35e14a4a5080f741f13629c3d3e54f36a1ac3d291de87ec77364af5fb	cat-build-identity-candidate/after/go-backend/internal/guibuild/generate.go	declared-new/packet-absent
go-backend/internal/guibuild/identity_test.go	declared-new/packet-absent	8027	c1624db39f9fa81b9a30e6630172fedc163d3547cd589df1097a0a1b0badbda2	cat-build-identity-candidate/after/go-backend/internal/guibuild/identity_test.go	declared-new/packet-absent
go-backend/internal/guibuild/identity.go	declared-new/packet-absent	4114	a3aa60c75786f4d52ea9852f3d3bc0687acfdcfa64d6e7e499b149b05bf47770	cat-build-identity-candidate/after/go-backend/internal/guibuild/identity.go	declared-new/packet-absent
go-backend/internal/httpapi/gui_build_test.go	declared-new/packet-absent	8164	6b056fd4831a9e62f42de0ded5d8376d75ac256e5f5f64430e7d0fcca8fe0109	cat-build-identity-candidate-v2/after/go-backend/internal/httpapi/gui_build_test.go	declared-new/packet-absent
go-backend/internal/httpapi/gui_build.go	declared-new/packet-absent	1160	14d144ab12d93c6a8f4036756a93f5f1ff2dbcc4c506219c5cbe79bc059e8dc9	cat-build-identity-candidate/after/go-backend/internal/httpapi/gui_build.go	declared-new/packet-absent
go-backend/internal/httpapi/server.go	packet-exact;Git-check-pending	14759	ec363f06cb94fefc79182ff5d9f553295cd27a92b5d3e2ce92b5a9e062ddffb4	cat-build-identity-candidate/after/go-backend/internal/httpapi/server.go	packet-exact;Git-check-pending
